,res,qs_path,path
0,ARG97 A,0.9587341020238674,ALA18 A_SER17 A_MG168 A_THR35 A_HOH175 A_GLN61 A_GLY60 A_HOH367 A_TYR96 A_ARG97 A
1,LYS101 A,0.9514795994335272,ALA18 A_SER17 A_MG168 A_THR35 A_HOH175 A_GLN61 A_GLY60 A_HOH367 A_TYR96 A_ILE100 A_LYS101 A
2,ASP107 A,0.8256468759664061,ALA18 A_LEU19 A_VAL81 A_VAL9 A_TYR71 A_MET72 A_ILE100 A_LYS101 A_SER106 A_ASP107 A
3,VAL109 A,0.9152677850171643,ALA18 A_GLN22 A_ARG149 A_GLU153 A_TYR157 A_ARG161 A_GLU162 A_PRO110 A_VAL109 A
4,MET111 A,0.8597166128430245,ALA18 A_LEU19 A_VAL114 A_CYS80 A_VAL112 A_MET111 A
5,TYR137 A,0.7961054159165318,ALA18 A_LEU19 A_VAL114 A_LEU113 A_PRO140 A_ILE139 A_ALA134 A_TYR137 A
6,HOH366 A,0.8729084120480641,ALA18 A_LEU19 A_VAL81 A_VAL9 A_TYR71 A_GLY75 A_LYS104 A_VAL109 A_ASP108 A_HOH366 A
7,HOH392 A,0.5078697992744879,ALA18 A_LEU19 A_VAL114 A_LEU113 A_LEU133 A_SER136 A_HOH392 A
