,res,qs_path,path
0,ARG97 A,0.8533976496297953,TYR32 A_HOH189 A_GLN61 A_GLY60 A_HOH367 A_TYR96 A_ARG97 A
1,LYS101 A,0.864256425148754,TYR32 A_HOH189 A_GLN61 A_GLY60 A_HOH367 A_TYR96 A_ILE100 A_LYS101 A
2,ASP107 A,0.8733786512506032,TYR32 A_HOH189 A_GLN61 A_GLY60 A_HOH367 A_TYR96 A_ILE100 A_LYS101 A_SER106 A_ASP107 A
3,VAL109 A,0.8779218327306656,TYR32 A_HOH189 A_GLN61 A_TYR64 A_MET67 A_TYR71 A_GLY75 A_LYS104 A_VAL109 A
4,MET111 A,0.8684864753995817,TYR32 A_HOH189 A_GLN61 A_HOH372 A_ARG68 A_MET72 A_PHE78 A_PRO110 A_MET111 A
5,TYR137 A,0.8451381290413644,TYR32 A_HOH189 A_GLN61 A_HOH372 A_ARG68 A_GLN99 A_GLU98 A_HIS94 A_TYR137 A
6,HOH366 A,0.9021557083929042,TYR32 A_HOH189 A_GLN61 A_GLY60 A_HOH367 A_TYR96 A_ILE100 A_LYS101 A_SER106 A_ASP108 A_HOH366 A
7,HOH392 A,0.38066555859134704,TYR32 A_GLN61 A_GLU62 A_ASP92 A_ILE93 A_LEU133 A_SER136 A_HOH392 A
