,res,qs_path,path
0,ARG97 A,0.9587341020238674,HOH172 A_MG168 A_THR35 A_HOH175 A_GLN61 A_GLY60 A_HOH367 A_TYR96 A_ARG97 A
1,LYS101 A,0.9514795994335272,HOH172 A_MG168 A_THR35 A_HOH175 A_GLN61 A_GLY60 A_HOH367 A_TYR96 A_ILE100 A_LYS101 A
2,ASP107 A,0.9197170399626136,HOH172 A_MG168 A_THR35 A_ILE36 A_MET67 A_ARG68 A_MET72 A_ILE100 A_LYS101 A_SER106 A_ASP107 A
3,VAL109 A,0.9513960761321908,HOH172 A_MG168 A_SER17 A_LYS16 A_VAL8 A_VAL7 A_LEU79 A_PHE78 A_PRO110 A_VAL109 A
4,MET111 A,0.9513960761321908,HOH172 A_MG168 A_SER17 A_LYS16 A_VAL8 A_VAL7 A_LEU79 A_PHE78 A_PRO110 A_MET111 A
5,TYR137 A,0.9305027684416591,HOH172 A_MG168 A_THR35 A_ILE36 A_MET67 A_ARG68 A_HOH384 A_GLN99 A_GLU98 A_HIS94 A_TYR137 A
6,HOH366 A,0.9378216345597191,HOH172 A_MG168 A_THR35 A_ILE36 A_MET67 A_ARG68 A_MET72 A_ILE100 A_LYS101 A_SER106 A_ASP108 A_HOH366 A
7,HOH392 A,0.6169191702946222,HOH172 A_MG168 A_SER17 A_LYS16 A_ALA11 A_ASP92 A_ILE93 A_LEU133 A_SER136 A_HOH392 A
