,res,qs_path,path
0,ARG97 A,0.8669569916689007,ASP33 A_PRO34 A_GLN61 A_GLY60 A_HOH367 A_TYR96 A_ARG97 A
1,LYS101 A,0.8773037661574483,ASP33 A_PRO34 A_GLN61 A_GLY60 A_HOH367 A_TYR96 A_ILE100 A_LYS101 A
2,ASP107 A,0.8857689744884223,ASP33 A_PRO34 A_GLN61 A_GLY60 A_HOH367 A_TYR96 A_ILE100 A_LYS101 A_SER106 A_ASP107 A
3,VAL109 A,0.9038583759815452,ASP33 A_PRO34 A_GLN61 A_GLY60 A_HOH367 A_TYR96 A_ILE100 A_LYS101 A_SER106 A_ASP108 A_VAL109 A
4,MET111 A,0.8779195456595325,ASP33 A_PRO34 A_GLN61 A_HOH372 A_ARG68 A_MET72 A_PHE78 A_PRO110 A_MET111 A
5,TYR137 A,0.8504460989477979,ASP33 A_PRO34 A_GLN61 A_HOH372 A_ARG68 A_GLN99 A_GLU98 A_HIS94 A_TYR137 A
6,HOH366 A,0.9155091734358943,ASP33 A_PRO34 A_GLN61 A_GLY60 A_HOH367 A_TYR96 A_ILE100 A_LYS101 A_SER106 A_ASP108 A_HOH366 A
7,HOH392 A,0.4738548431909205,ASP33 A_PRO34 A_GLN61 A_GLU62 A_TYR96 A_ARG97 A_TYR137 A_SER136 A_HOH392 A
