,res,qs_path,path,path_length
0,ARG97 A,0.9191710783835116,HOH175 A_GLN61 A_GLY60 A_HOH367 A_TYR96 A_ARG97 A,5
1,LYS101 A,0.9166406056624401,HOH175 A_GLN61 A_GLY60 A_HOH367 A_TYR96 A_ILE100 A_LYS101 A,6
2,ASP107 A,0.9174021272729119,HOH175 A_GLN61 A_GLY60 A_HOH367 A_TYR96 A_ILE100 A_LYS101 A_SER106 A_ASP107 A,8
3,VAL109 A,0.9593294935628405,HOH175 A_THR35 A_MG168 A_SER17 A_LYS16 A_VAL8 A_VAL7 A_LEU79 A_PHE78 A_PRO110 A_VAL109 A,10
4,MET111 A,0.9593294935628405,HOH175 A_THR35 A_MG168 A_SER17 A_LYS16 A_VAL8 A_VAL7 A_LEU79 A_PHE78 A_PRO110 A_MET111 A,10
5,TYR137 A,0.8756815350362155,HOH175 A_GLN61 A_HOH372 A_ARG68 A_GLN99 A_GLU98 A_HIS94 A_TYR137 A,7
6,HOH366 A,0.938745567151019,HOH175 A_GLN61 A_GLY60 A_HOH367 A_TYR96 A_ILE100 A_LYS101 A_SER106 A_ASP108 A_HOH366 A,9
7,HOH392 A,0.49510170503548606,HOH175 A_GLN61 A_GLU62 A_TYR96 A_ARG97 A_TYR137 A_SER136 A_HOH392 A,7
