,res,qs_path,path,path_length
0,ARG97 A,0.8862907895338301,GLY60 A_HOH367 A_TYR96 A_ARG97 A,3
1,LYS101 A,0.8938265739592418,GLY60 A_HOH367 A_TYR96 A_ILE100 A_LYS101 A,4
2,ASP107 A,0.9004104639651854,GLY60 A_HOH367 A_TYR96 A_ILE100 A_LYS101 A_SER106 A_ASP107 A,6
3,VAL109 A,0.9195014676099736,GLY60 A_HOH367 A_TYR96 A_ILE100 A_LYS101 A_SER106 A_ASP108 A_VAL109 A,7
4,MET111 A,0.8879277400202568,GLY60 A_GLN61 A_HOH372 A_ARG68 A_MET72 A_PHE78 A_PRO110 A_MET111 A,7
5,TYR137 A,0.80755839687374,GLY60 A_HOH367 A_TYR96 A_ARG97 A_TYR137 A,4
6,HOH366 A,0.9306787239239761,GLY60 A_HOH367 A_TYR96 A_ILE100 A_LYS101 A_SER106 A_ASP108 A_HOH366 A,7
7,HOH392 A,0.628062873574541,GLY60 A_HOH367 A_TYR96 A_ARG97 A_TYR137 A_SER136 A_HOH392 A,6
