,res,qs_path,path,path_length
0,ARG97 A,0.949936486842655,VAL29 A_ILE21 A_SER17 A_MG168 A_THR35 A_HOH175 A_GLN61 A_GLY60 A_HOH367 A_TYR96 A_ARG97 A,10
1,LYS101 A,0.9453089355999252,VAL29 A_ILE21 A_SER17 A_MG168 A_THR35 A_HOH175 A_GLN61 A_GLY60 A_HOH367 A_TYR96 A_ILE100 A_LYS101 A,11
2,ASP107 A,0.8702439580777194,VAL29 A_ILE21 A_SER17 A_LYS16 A_VAL81 A_VAL9 A_TYR71 A_MET72 A_ILE100 A_LYS101 A_SER106 A_ASP107 A,11
3,VAL109 A,0.9217960780951591,VAL29 A_ILE21 A_SER17 A_LYS16 A_VAL8 A_VAL7 A_LEU79 A_PHE78 A_PRO110 A_VAL109 A,9
4,MET111 A,0.9046635858886226,VAL29 A_ILE21 A_SER17 A_LYS16 A_VAL81 A_CYS80 A_VAL112 A_MET111 A,7
5,TYR137 A,0.800173153656322,VAL29 A_PHE28 A_ALA146 A_ASN116 A_ILE84 A_VAL125 A_GLU126 A_GLN129 A_LEU133 A_TYR137 A,9
6,HOH366 A,0.8998939887489007,VAL29 A_ILE21 A_SER17 A_LYS16 A_VAL8 A_VAL9 A_TYR71 A_GLY75 A_LYS104 A_VAL109 A_ASP108 A_HOH366 A,11
7,HOH392 A,0.5778176485362212,VAL29 A_PHE28 A_ALA146 A_ASN116 A_PHE82 A_LEU113 A_LEU133 A_SER136 A_HOH392 A,8
