,res,qs_path,path,path_length
0,ARG97 A,0.8499471105616425,LYS16 A_VAL14 A_ALA83 A_SER89 A_LYS88 A_ASP92 A_ILE93 A_ARG97 A,7
1,LYS101 A,0.8327781416126573,LYS16 A_VAL81 A_VAL9 A_TYR71 A_MET72 A_ILE100 A_LYS101 A,6
2,ASP107 A,0.849618427541503,LYS16 A_VAL81 A_VAL9 A_TYR71 A_MET72 A_ILE100 A_LYS101 A_SER106 A_ASP107 A,8
3,VAL109 A,0.9203130772195358,LYS16 A_VAL8 A_VAL7 A_LEU79 A_PHE78 A_PRO110 A_VAL109 A,6
4,MET111 A,0.9203130772195358,LYS16 A_VAL8 A_VAL7 A_LEU79 A_PHE78 A_PRO110 A_MET111 A,6
5,TYR137 A,0.853861322347332,LYS16 A_VAL81 A_VAL9 A_TYR71 A_MET72 A_GLN99 A_GLU98 A_HIS94 A_TYR137 A,8
6,HOH366 A,0.8919911611429444,LYS16 A_VAL8 A_VAL9 A_TYR71 A_GLY75 A_LYS104 A_VAL109 A_ASP108 A_HOH366 A,8
7,HOH392 A,0.5085335052702187,LYS16 A_ALA11 A_ASP92 A_ILE93 A_LEU133 A_SER136 A_HOH392 A,6
