,res,qs_path,path,path_length
0,ARG97 A,0.931284891202293,VAL14 A_ASN116 A_ILE84 A_THR124 A_THR87 A_LYS88 A_ASP92 A_ILE93 A_ARG97 A,8
1,LYS101 A,0.9280814536059506,VAL14 A_ASN116 A_ILE84 A_THR124 A_THR87 A_LYS88 A_ASP92 A_ILE93 A_ARG97 A_LYS101 A,9
2,ASP107 A,0.8306663758127719,VAL14 A_VAL81 A_VAL9 A_TYR71 A_MET72 A_ILE100 A_LYS101 A_SER106 A_ASP107 A,8
3,VAL109 A,0.9384309730714293,VAL14 A_ASN116 A_GLY115 A_ILE142 A_LEU113 A_VAL112 A_PHE78 A_PRO110 A_VAL109 A,8
4,MET111 A,0.9245426491969955,VAL14 A_ASN116 A_PHE82 A_VAL114 A_CYS80 A_VAL112 A_MET111 A,6
5,TYR137 A,0.830308748663109,VAL14 A_ASN116 A_ILE84 A_VAL125 A_GLU126 A_GLN129 A_LEU133 A_TYR137 A,7
6,HOH366 A,0.8766957179044477,VAL14 A_VAL81 A_VAL9 A_TYR71 A_GLY75 A_LYS104 A_VAL109 A_ASP108 A_HOH366 A,8
7,HOH392 A,0.6091121661555008,VAL14 A_ALA83 A_SER89 A_PHE90 A_LEU133 A_SER136 A_HOH392 A,6
