,res,qs_path,path,path_length
0,ARG97 A,0.8862907895338301,GLN61 A_GLY60 A_HOH367 A_TYR96 A_ARG97 A,4
1,LYS101 A,0.8938265739592418,GLN61 A_GLY60 A_HOH367 A_TYR96 A_ILE100 A_LYS101 A,5
2,ASP107 A,0.9004104639651854,GLN61 A_GLY60 A_HOH367 A_TYR96 A_ILE100 A_LYS101 A_SER106 A_ASP107 A,7
3,VAL109 A,0.9195014676099736,GLN61 A_GLY60 A_HOH367 A_TYR96 A_ILE100 A_LYS101 A_SER106 A_ASP108 A_VAL109 A,8
4,MET111 A,0.9585238417782135,GLN61 A_HOH175 A_THR35 A_MG168 A_SER17 A_LYS16 A_VAL81 A_CYS80 A_VAL112 A_MET111 A,9
5,TYR137 A,0.8546889997692472,GLN61 A_HOH372 A_ARG68 A_GLN99 A_GLU98 A_HIS94 A_TYR137 A,6
6,HOH366 A,0.9306787239239761,GLN61 A_GLY60 A_HOH367 A_TYR96 A_ILE100 A_LYS101 A_SER106 A_ASP108 A_HOH366 A,8
7,HOH392 A,0.40556158557002203,GLN61 A_GLU62 A_ASP92 A_ILE93 A_LEU133 A_SER136 A_HOH392 A,6
