,res,qs_path,path,path_length
0,ARG97 A,0.9223503413074313,LYS117 A_ASN116 A_ILE84 A_THR124 A_THR87 A_LYS88 A_ASP92 A_ILE93 A_ARG97 A,8
1,LYS101 A,0.920127081395312,LYS117 A_ASN116 A_ILE84 A_THR124 A_THR87 A_LYS88 A_ASP92 A_ILE93 A_ARG97 A_LYS101 A,9
2,ASP107 A,0.8454731062488243,LYS117 A_ASN116 A_PHE82 A_VAL114 A_CYS80 A_ILE100 A_LYS101 A_SER106 A_ASP107 A,8
3,VAL109 A,0.9261189345960675,LYS117 A_ASN116 A_PHE82 A_VAL81 A_VAL9 A_LEU79 A_PHE78 A_PRO110 A_VAL109 A,8
4,MET111 A,0.9118108226274718,LYS117 A_ASN116 A_PHE82 A_VAL114 A_CYS80 A_VAL112 A_MET111 A,6
5,TYR137 A,0.8036822578581981,LYS117 A_ASN116 A_ILE84 A_VAL125 A_GLU126 A_GLN129 A_LEU133 A_TYR137 A,7
6,HOH366 A,0.8135836391938835,LYS117 A_ASN116 A_PHE82 A_VAL114 A_CYS80 A_ILE100 A_VAL109 A_ASP108 A_HOH366 A,8
7,HOH392 A,0.5704724916753942,LYS117 A_ALA83 A_SER89 A_PHE90 A_LEU133 A_SER136 A_HOH392 A,6
