,res,qs_path,path,path_length
0,ARG97 A,0.9048625845299871,HOH189 A_GLN61 A_GLY60 A_HOH367 A_TYR96 A_ARG97 A,5
1,LYS101 A,0.905917818346077,HOH189 A_GLN61 A_GLY60 A_HOH367 A_TYR96 A_ILE100 A_LYS101 A,6
2,ASP107 A,0.9088066804674224,HOH189 A_GLN61 A_GLY60 A_HOH367 A_TYR96 A_ILE100 A_LYS101 A_SER106 A_ASP107 A,8
3,VAL109 A,0.923406496538355,HOH189 A_GLN61 A_GLY60 A_HOH367 A_TYR96 A_ILE100 A_LYS101 A_SER106 A_ASP108 A_VAL109 A,9
4,MET111 A,0.9563169389822809,HOH189 A_GLN61 A_HOH175 A_THR35 A_MG168 A_SER17 A_LYS16 A_VAL81 A_CYS80 A_VAL112 A_MET111 A,10
5,TYR137 A,0.8688390500019348,HOH189 A_GLN61 A_HOH372 A_ARG68 A_GLN99 A_GLU98 A_HIS94 A_TYR137 A,7
6,HOH366 A,0.932454681003094,HOH189 A_GLN61 A_GLY60 A_HOH367 A_TYR96 A_ILE100 A_LYS101 A_SER106 A_ASP108 A_HOH366 A,9
7,HOH392 A,0.4893100455232744,HOH189 A_GLN61 A_GLU62 A_TYR96 A_ARG97 A_TYR137 A_SER136 A_HOH392 A,7
