,res,qs_path,path,path_length
0,ARG97 A,0.9360072222198595,ASP119 A_CYS118 A_THR144 A_GLU143 A_ARG123 A_THR124 A_THR87 A_LYS88 A_ASP92 A_ILE93 A_ARG97 A,10
1,LYS101 A,0.9314664544031582,ASP119 A_CYS118 A_THR144 A_GLU143 A_ARG123 A_THR124 A_THR87 A_LYS88 A_ASP92 A_ILE93 A_ARG97 A_LYS101 A,11
2,ASP107 A,0.8602060664077903,ASP119 A_CYS118 A_THR144 A_GLY115 A_VAL114 A_CYS80 A_ILE100 A_LYS101 A_SER106 A_ASP107 A,9
3,VAL109 A,0.9336568336473663,ASP119 A_CYS118 A_THR144 A_GLY115 A_ILE142 A_LEU113 A_VAL112 A_PHE78 A_PRO110 A_VAL109 A,9
4,MET111 A,0.9317150740203729,ASP119 A_CYS118 A_THR144 A_GLY115 A_VAL114 A_CYS80 A_VAL112 A_MET111 A,7
5,TYR137 A,0.8421857265329917,ASP119 A_CYS118 A_THR144 A_GLU143 A_ARG123 A_VAL125 A_GLU126 A_GLN129 A_LEU133 A_TYR137 A,9
6,HOH366 A,0.8253809847855825,ASP119 A_CYS118 A_THR144 A_GLY115 A_VAL114 A_CYS80 A_ILE100 A_VAL109 A_ASP108 A_HOH366 A,9
7,HOH392 A,0.5730872698247717,ASP119 A_CYS118 A_THR144 A_ILE142 A_LEU113 A_LEU133 A_SER136 A_HOH392 A,7
