,res,qs_path,path,path_length
0,ARG97 A,0.9587341020238674,SER17 A_MG168 A_THR35 A_HOH175 A_GLN61 A_GLY60 A_HOH367 A_TYR96 A_ARG97 A,8
1,LYS101 A,0.9514795994335272,SER17 A_MG168 A_THR35 A_HOH175 A_GLN61 A_GLY60 A_HOH367 A_TYR96 A_ILE100 A_LYS101 A,9
2,ASP107 A,0.849618427541503,SER17 A_LYS16 A_VAL81 A_VAL9 A_TYR71 A_MET72 A_ILE100 A_LYS101 A_SER106 A_ASP107 A,9
3,VAL109 A,0.9203130772195358,SER17 A_LYS16 A_VAL8 A_VAL7 A_LEU79 A_PHE78 A_PRO110 A_VAL109 A,7
4,MET111 A,0.9203130772195358,SER17 A_LYS16 A_VAL8 A_VAL7 A_LEU79 A_PHE78 A_PRO110 A_MET111 A,7
5,TYR137 A,0.7354463006760341,SER17 A_LYS16 A_ALA11 A_ASP92 A_ILE93 A_ARG97 A_TYR137 A,6
6,HOH366 A,0.8919911611429444,SER17 A_LYS16 A_VAL8 A_VAL9 A_TYR71 A_GLY75 A_LYS104 A_VAL109 A_ASP108 A_HOH366 A,9
7,HOH392 A,0.5085335052702187,SER17 A_LYS16 A_ALA11 A_ASP92 A_ILE93 A_LEU133 A_SER136 A_HOH392 A,7
